idz,candidate,song,artist,sentiment,theme,album_release_date,line,url
1,Mike Huckabee,none shall pass,aesop rock,neutral,NA,2011,"wither by the watering hole, border patrol / what are we to heart huckabee",http://genius.com/aesop-rock-none-shall-pass-lyrics
2,Mike Huckabee,wellstone,soul khan,negative,NA,2012,might find the door but never touch the key / they get tricked by slick Mike Huckabee,http://genius.com/soul-khan-wellstone-lyrics
3,Jeb Bush,awe,dez & nobs,neutral,NA,2006,i heard Jeb Bush looking for a (inaudible),http://genius.com/dez-and-nobs-awe-lyrics
4,Jeb Bush,the truth,diabolic,negative,political,2006,what you heard before ain't as big of a lesson / as george and Jeb Bush rigging elections,http://genius.com/diabolic-the-truth-lyrics
5,Jeb Bush,money man,gorilla zoe,negative,personal,2007,i'm comin back from florida / wit Jeb Bush and his daughter,http://genius.com/gorilla-zoe-money-man-lyrics
6,Jeb Bush,hidden agenda,k-rino,negative,political,2012,the rockefeller's and the bush family in the same box g / henry ford all of them supported the nazis,http://genius.com/k-rino-hidden-agenda-lyrics
7,Jeb Bush,bricks and marijuana,kase,neutral,NA,2001,when Jeb Bush pushing life / if i tout my weapon,http://genius.com/trick-daddy-bricks-and-marijuana-lyrics
8,Jeb Bush,bush song,macklemore,negative,political,2005,"way to go jeb, really great strategy",http://genius.com/macklemore-bush-song-lyrics
9,Jeb Bush,shoot me in the head,r.a. the rugged man,negative,political,2013,"obama nation, the bushes, the clintons or '80s reaganomics / it don't matter, the government always be taking your profits",http://genius.com/ra-the-rugged-man-shoot-me-in-the-head-lyrics
10,Jeb Bush,chamber of fear,rza,neutral,personal,2005,bobby got bush like george and jeb,http://genius.com/rza-chamber-of-fear-lyrics
11,Jeb Bush,tell me why,zeno,neutral,personal,2005,i was promised eternal life from the beginning / but look at bush and his brother,http://genius.com/vanilla-ice-tell-me-why-lyrics
12,Ben Carson,next black president,king los,positive,NA,2011,i was the heart transplant when hip hop died / verbally i'm Ben Carson,http://genius.com/king-los-next-black-president-lyrics
13,Chris Christie,daydreaming,awkwafina,neutral,NA,2014,"Chris Christie, you a man beast",http://genius.com/awkwafina-daydreaming-lyrics
14,Chris Christie,brass tacks,chris webby,neutral,NA,2016,eating rappers like i got the appetite of Chris Christie,http://genius.com/chris-webby-brass-tacks-lyrics
15,Ted Cruz,pnt,apollo brown & ras kass,negative,political,2015,fuck fox news and fuck Ted Cruz,http://genius.com/apollo-brown-and-ras-kass-pnt-lyrics
16,Hillary Clinton,tec in the church,joyner lucas,neutral,NA,2016,"Hillary Clinton ain't gon' like this, she's fanning next to a serpent",http://genius.com/jarren-benton-tec-in-the-church-lyrics
17,Hillary Clinton,thugz tear dropz,young noble,negative,NA,2013,until we really saw the true problem / even hilary couldn't rob him,http://genius.com/young-noble-thugz-tear-dropz-lyrics
18,Hillary Clinton,gotta be insanity,ice cube,positive,personal,2000,would you stay down like hillary? / even if you thought about killin' me?,http://genius.com/ice-cube-gotta-be-insanity-lyrics
19,Hillary Clinton,shorty baby,bas,negative,personal,2013,makin me call lewinski / you fuckin up like hilary did,http://genius.com/bas-shorty-baby-lyrics
20,Hillary Clinton,take notice,sheek louch,neutral,NA,2012,"hillary said i frighten her / alarm go off, choking off the teeth whitener",http://genius.com/wu-block-take-notice-lyrics
21,Hillary Clinton,disgusting,logic,neutral,personal,2012,however on the light of note i stayed with bills like hilary,http://genius.com/logic-disgusting-lyrics
22,Hillary Clinton,my heart,jae tips,neutral,personal,2011,michelle to my obama / you hilary my clinton,http://genius.com/jae-tips-my-heart-lyrics
23,Hillary Clinton,we can get it on,yo gotti,neutral,personal,2012,"we like hova and b / maybe hillary, bill",http://genius.com/yo-gotti-we-can-get-it-on-lyrics
24,Hillary Clinton,where they do that at,yo gotti,positive,NA,2015,all i know is white girl i call her hillary cause that bitch got power plus she so considerate,http://genius.com/yo-gotti-where-they-do-that-at-lyrics
25,Hillary Clinton,what if,nas,neutral,NA,2009,what if hilary and them was reptilian? / and 2012 was the end of men and all world civilians?,http://genius.com/jadakiss-what-if-lyrics
26,Hillary Clinton,we live this,roxanne shant,neutral,NA,2000,"roxanne shant, hilary clinton / lay out the red carpet y'all hoes shut up and listen",http://genius.com/big-noyd-we-live-this-lyrics
27,Hillary Clinton,set me free,crunch lo,neutral,NA,2005,"i'm so sex, and my bonnie, my mami, my hillary rod",http://genius.com/dom-pachino-set-me-free-lyrics
28,Hillary Clinton,letter to the king,the game,neutral,political,2008,if dr. king marched today would bill gates march / i know obama would but would hilary take part,http://genius.com/the-game-letter-to-the-king-lyrics
29,Hillary Clinton,grillz,ali,neutral,NA,2005,got a bill in my mouth like i'm hillary rodham,http://genius.com/nelly-grillz-lyrics
30,Hillary Clinton,nothing on my mind,allday,neutral,NA,2013,young buck but i never suck call me hillary,http://genius.com/allday-nothing-on-my-mind-lyrics
31,Hillary Clinton,gossip folks,angel haze,negative,NA,2012,cause i was alone at the bottom / kept getting played like hilary rodham,http://genius.com/angel-haze-gossip-folks-lyrics
32,Hillary Clinton,no church in the wild freestyle,angel haze,negative,political,2012,"we goverend by fucking animals hello mr. obama, comma mrs. obama comma future elections, hello hillary rodham",http://genius.com/angel-haze-no-church-in-the-wild-freestyle-lyrics
33,Hillary Clinton,again (stankonia remix),big boi,neutral,NA,2001,"thinkin the Hillary Clinton, not to mention, and she got yo baby",http://genius.com/lenny-kravitz-again-stankonia-remix-lyrics
34,Hillary Clinton,energy,big boi,neutral,personal,2008,energy like bill and Hillary Clinton,http://genius.com/raheem-devaughn-energy-feat-big-boi-lyrics
35,Hillary Clinton,no sunshine,rhymefest,positive,money,2007,until we all fuckin' with bills/bill's like hillary rodham,http://genius.com/rhymefest-no-sunshine-lyrics
36,Hillary Clinton,unapologetic,charles hamilton,negative,political,2008,"you more like hillary / only in it cuz you used to fuck the ex leader, n----",http://genius.com/charles-hamilton-unapologetic-lyrics
37,Hillary Clinton,dark night of the blood spiller,chino xl,negative,sexual,1994,getting my dick sucked / on the cover of source magazine by Hillary Clinton,http://genius.com/chino-xl-night-of-the-blood-spiller-lyrics
38,Hillary Clinton,nunca,chino xl,neutral,NA,2001,"i'll shoot out with bill & hillary, still won't run out of artillery",http://genius.com/chino-xl-nunca-lyrics
39,Hillary Clinton,datpiff (freeverse series ep. 4),chris webby,neutral,NA,2016,"the planet is collapsing, economies are crashin' / and Hillary Clinton is dabbin'",http://genius.com/chris-webby-datpiff-freeverse-series-ep-4-lyrics
40,Hillary Clinton,one,corny,positive,money,2014,"blowing up like some artillery, bills coming to me like hillary",http://genius.com/corny-one-lyrics
41,Hillary Clinton,single again (remix),trina,positive,NA,2007,like Hillary Clinton / i'm the boss,http://genius.com/trina-single-again-remix-lyrics
42,Hillary Clinton,fukinwichu,cunninlynguists,negative,personal,2001,send hillary the bill and lewinski scene in claymation,http://genius.com/cunninlynguists-fukinwichu-lyrics
43,Hillary Clinton,opening day,e-dubble,negative,NA,2010,"specially when you throwin' like hillary rodham / problem, from top to bottom",http://genius.com/e-dubble-opening-day-lyrics
44,Hillary Clinton,role model,eminem,negative,NA,1999,Hillary Clinton tried to slap me and call me a pervert / i ripped her fucking tonsils out and fed her sherbet (bitch!),http://genius.com/eminem-role-model-lyrics
45,Hillary Clinton,sway in the morning freestyle,eminem,negative,political,2015,"but hilllary, i promise to wipe my server clean if you face subpoenas",http://genius.com/eminem-sway-in-the-morning-freestyle-lyrics
46,Hillary Clinton,a milli,fabolous,negative,personal,2008,"hillary, bill clin--fuck it. they don't get it",http://genius.com/fabolous-a-milli-lyrics
47,Hillary Clinton,hit it for free,field mob,negative,personal,2002,i'm like farakahn being best friends with porky pig / or like Hillary Clinton dikin' with lewinsky,http://genius.com/field-mob-hit-it-for-free-lyrics
48,Hillary Clinton,make u feel alright,jay da menace,positive,personal,2009,"got'chu feelin me the way that jada feelin will / and hillary feelin bill, a chick that gon' keep it real - f'real",http://genius.com/juvenile-make-u-feel-alright-lyrics
49,Hillary Clinton,dope boy,gorilla zoe,neutral,NA,2009,"hey ms. hilary, can't be kin to me (no) / but i keep that white bitch on another level g",http://genius.com/gorilla-zoe-dope-boy-lyrics
50,Hillary Clinton,money man,gorilla zoe,neutral,personal,2007,"keep dat white girl hillary, a pound of bill clinton",http://genius.com/gorilla-zoe-money-man-lyrics
51,Hillary Clinton,what's goin' on,gravediggaz,neutral,personal,1997,"killa bee, presidential suite, bill and hillary",http://genius.com/gravediggaz-whats-goin-on-lyrics
52,Hillary Clinton,greasy,gucci mane,neutral,NA,2013,what you're hillary rodham bitch?,http://genius.com/gucci-mane-greasy-lyrics
53,Hillary Clinton,every girl,gudda gudda,neutral,NA,2010,"and hillary can rodham too, boy, i gets my pimpin' on",http://genius.com/young-money-every-girl-lyrics
54,Hillary Clinton,bad bad bad,gucci mane,positive,personal,2010,stay down like hillary and i can be your billy,http://genius.com/gucci-mane-bad-bad-bad-lyrics
55,Hillary Clinton,hand of the dead body,ice cube,negative,personal,1994,"and i can't stop, won't stop / so fuck bill and hillary",http://genius.com/scarface-hand-of-the-dead-body-lyrics
56,Hillary Clinton,stand tall,ice cube,negative,NA,2008,never put your trust in hillary rodham / cause i can tell you now it's gon' turn out rotten,http://genius.com/ice-cube-stand-tall-lyrics
57,Hillary Clinton,american history x,ill bill,negative,political,2004,"i eat politicians for breakfast / till infinity it's endless / bill and hillary, george bush, everybody's gettin it",http://genius.com/ill-bill-american-history-x-lyrics
58,Hillary Clinton,twisted thoughts,iso,neutral,political,2015,"couldn't pay my bills, where the fuck is hillary?",http://genius.com/king-iso-twisted-thoughts-lyrics
59,Hillary Clinton,holla at a playa (remix),jae millz,neutral,political,2008,"straight osam 'em, treat 'em like hillary",http://genius.com/jae-millz-holla-at-a-playa-remix-lyrics
60,Hillary Clinton,mayor bloomberg: who's really in control?,jasiri x,neutral,NA,2013,2016 that's right hillary i'll show you what a billie means,http://genius.com/jasiri-x-mayor-bloomberg-whos-really-in-control-lyrics
61,Hillary Clinton,nymp,jay z,neutral,political,1999,"i take and rape villages, who gon' stop him? / not rudy guiliani, not hillary rodham",http://genius.com/jay-z-nymp-lyrics
62,Hillary Clinton,"bitch, don't kill my vibe (remix)",jay z,neutral,NA,2012,sittin' next to hillary smellin' like dank,http://genius.com/kendrick-lamar-bitch-dont-kill-my-vibe-remix-lyrics
63,Hillary Clinton,i luv your girl (remix),jeezy,neutral,NA,2008,"it goes Hillary Clinton, barack obama",http://genius.com/the-dream-i-luv-your-girl-remix-lyrics
64,Hillary Clinton,u ain't fresh,kam,neutral,personal,2000,"like bill ass hillary, ""what's up?"" / still love me, pretty young thang?",http://genius.com/dj-quik-u-aint-fresh-lyrics
65,Hillary Clinton,pressure,killer mike,negative,political,2008,or you a dirty n---- working for a fucking clinton / or you dirty n---- working for a fucking bush,http://genius.com/killer-mike-pressure-lyrics
66,Hillary Clinton,r.i.p.,king kold,neutral,NA,2014,was content with that basic shit / my Hillary Clinton,http://genius.com/king-kold-rip-lyrics
67,Hillary Clinton,bring it back,krs-one,neutral,NA,1997,it takes a village like hillary,http://genius.com/krs-one-bring-it-back-lyrics
68,Hillary Clinton,smilin' faces,kutt calhoun,negative,NA,2008,look at Hillary Clinton when she speak / looking like the devil with a grin,http://genius.com/kutt-calhoun-smilin-faces-lyrics
69,Hillary Clinton,whatever you want,big sean,positive,money,2010,leading lady like hillary grabbing big bills,http://genius.com/big-sean-whatever-you-want-lyrics
70,Hillary Clinton,lollipop,lil wayne,neutral,personal,2008,"and when i'm at the bottom, she hillary rodham",http://genius.com/lil-wayne-lollipop-lyrics
71,Hillary Clinton,let's stay together,ludacris,negative,personal,2008,"hillary's still with bill clinton, how do they do it? / he got his dick sucked and the whole damn world knew it",http://genius.com/ludacris-lets-stay-together-lyrics
72,Hillary Clinton,politics as usual (obama is here),ludacris,negative,political,2008,hillary hated on you so that {censored} bitch is irrelevant,http://genius.com/ludacris-politics-as-usual-obama-is-here-lyrics
73,Hillary Clinton,the ghetto won't change,master p,negative,political,1996,"every dollar i make, ten go back to hillary and bill, i guess life is real",http://genius.com/master-p-the-ghetto-wont-change-lyrics
74,Hillary Clinton,bitch i'm bill clinton,lil b,positive,political,2010,"shout-outs to Hillary Clinton, you gonna win that presidency",http://genius.com/lil-b-bitch-im-bill-clinton-lyrics
75,Hillary Clinton,fuck the government,mediumjay,negative,political,2012,"fuck, the governments shit / fuck, Hillary Clinton that bitch",http://genius.com/mediumjay-fuck-the-government-lyrics
76,Hillary Clinton,cradle rock,method man,negative,political,1998,bad vibes filling me with thoughts of conspiracy / white water scandals with bill clinton/hillary,http://genius.com/method-man-cradle-rock-lyrics
77,Hillary Clinton,vietnam,mickey factz,neutral,political,2008,nothing against hilary clinton / but obama's about to be winning,http://genius.com/mickey-factz-vietnam-lyrics
78,Hillary Clinton,a thing for me,g-eazy,neutral,personal,2011,"liberally, accepting monicas but missing hillary",http://genius.com/g-eazy-a-thing-for-me-lyrics
79,Hillary Clinton,poizon windz,monsta island czars,neutral,NA,2003,"head essential lightning agency throats, thinkin of hilary clinton",http://genius.com/monsta-island-czars-poizon-windz-lyrics
80,Hillary Clinton,little this little that,naj murph,neutral,personal,2013,i need a hillary so let me know if you fit the bill; when we chill,http://genius.com/naj-murph-little-this-little-that-lyrics
81,Hillary Clinton,male feminist,mazeman,positive,political,2011,"hilary clinton, yeah she's winning",http://genius.com/mc-lars-male-feminist-lyrics
82,Hillary Clinton,shoot me a fair one,papoose,negative,political,2008,"more like obama versus hillary, nothing / a intelligent black man against a woman",http://genius.com/papoose-shoot-me-a-fair-one-lyrics
83,Hillary Clinton,krazy,pitbull,neutral,personal,2009,obama with no color / hillary with no bill,http://genius.com/pitbull-krazy-lyrics
84,Hillary Clinton,happy people,prince ital joe,negative,political,1993,mr. bill clinton and the bird hillary / wrap up the war on the brutality,http://genius.com/prince-ital-joe-happy-people-lyrics
85,Hillary Clinton,yzark,proof,neutral,personal,2004,while clinton got head i was in the sack with old hillary,http://genius.com/proof-yzark-lyrics
86,Hillary Clinton,psa,pryde,neutral,personal,2012,but they only like me for my bill like they're hillary,http://genius.com/pryde-psa-lyrics
87,Hillary Clinton,fall down brew,r.a. the rugged man,negative,NA,2008,"sewed Hillary Clinton's mouth, and that's after drinkin just one",http://genius.com/chief-chinchilla-aka-j-zone-fall-down-brew-lyrics
88,Hillary Clinton,smells like,r.a. the rugged man,neutral,sexual,2013,"Hillary Clinton can get her clit done with my big tounge / have the bitch strung, once me dick swung, her lip drip cum",http://genius.com/jarren-benton-smells-like-lyrics
89,Hillary Clinton,born to ball,skeme,positive,money,2012,but i'm all about my bills / grind stay hillary rodham,http://genius.com/skeme-born-to-ball-lyrics
90,Hillary Clinton,rnq,rhymefest,negative,political,2009,"hillary, jesse jack, even barack's involved / when police beatin' our ass, none of y'all do a damn thang",http://genius.com/rhymefest-rnq-lyrics
91,Hillary Clinton,timezone,saba,positive,personal,2014,y'all ain't near and dear to me like william and hillary,http://genius.com/saba-timezone-lyrics
92,Hillary Clinton,white girl (remix),rick ross,positive,NA,2007,"hilary clinton, she my best friend / even co-signed for that new white benz",http://genius.com/jeezy-white-girl-remix-lyrics
93,Hillary Clinton,now that i'm paid,rick ross,neutral,NA,2012,whip it in the kitchen before hillary became a clinton,http://genius.com/the-game-now-that-im-paid-lyrics
94,Hillary Clinton,life so hard,migos,positive,NA,2015,make a basic bitch feel like Hillary Clinton,http://genius.com/migos-life-so-hard-lyrics
95,Hillary Clinton,i'm me freestyle,"royce da 5'9""",neutral,NA,2008,"this industry is Hillary Clinton literally, listen / you ain't got no choice now",http://genius.com/royce-da-59-im-me-freestyle-lyrics
96,Hillary Clinton,back together,nicki minaj,positive,NA,2015,used to call me hillary cause i ride 'em,http://genius.com/robin-thicke-back-together-lyrics
98,Hillary Clinton,what the fuck is up?,scarlett,neutral,personal,1999,"wanna diss me, cuz i cut you down quickly / i'm hillary to this shit, you still fuckin with lewinsky",http://genius.com/nore-what-the-fuck-is-up-lyrics
99,Hillary Clinton,shit iz real,shyheim,neutral,money,1996,where ya at? cats sacking green/ bill/hill clinton,http://genius.com/shyheim-shit-iz-real-lyrics
100,Hillary Clinton,badman in tivoli,skepta,neutral,personal,2012,black bill clinton linking monica and hillary,http://genius.com/skepta-badman-in-tivoli-lyrics
101,Hillary Clinton,fresh,slick rick,neutral,personal,1998,babies jump out the carriage / could even fix the hillary and clinton marriage,http://genius.com/jermaine-dupri-fresh-lyrics
102,Hillary Clinton,sky lanterns,social club,neutral,NA,2015,hillary jane over hilary rodham,http://genius.com/social-club-sky-lanterns-lyrics
103,Hillary Clinton,gang love,t.h.u.g. angelz,negative,political,2008,it's like we paying them rent to live inside a prison / hilary clinton is benefiting them politicians,http://genius.com/thug-angelz-gang-love-lyrics
104,Hillary Clinton,nightmares of the bottom (triggamix),trey songz,negative,sexual,2011,she think she's my bottom bitch; hillary rodham-ish,http://genius.com/trey-songz-nightmares-of-the-bottom-triggamix-lyrics
105,Hillary Clinton,rich the goat,rich the kid,positive,political,2016,"hillary hit the dab, ima vote",http://genius.com/rich-the-kid-rich-the-goat-lyrics
106,Hillary Clinton,i shoulda tried harder,wax,neutral,personal,2013,"bill clinton, Hillary Clinton, i ain't talking to ya'll, nope",http://genius.com/wax-i-shoulda-tried-harder-lyrics
107,Hillary Clinton,girls got a gun,yo-yo,negative,personal,1993,fuck bill clinton and hillary,http://genius.com/yo-yo-girls-got-a-gun-lyrics
108,Hillary Clinton,for real,yung god,neutral,personal,2014,"bang, heavy artillery young bill clint / make your girl go hillary boy",http://genius.com/yung-god-for-real-lyrics
109,bernie sanders,valleys,lupe fiasco,positive,political,2015,"uh, bernie sanders need a nike deal",http://genius.com/lupe-fiasco-valleys-lyrics
110,bernie sanders,the ancap rap,young rippa,negative,political,2015,bernie sanders is an economic illiterate,http://genius.com/young-rippa-the-ancap-rap-lyrics
111,Donald Trump,johnny ryall,beastie boys,neutral,NA,1989,Donald Trump and donald tramp living in the men's shelter,http://genius.com/beastie-boys-johnny-ryall-lyrics
112,Donald Trump,protect ya neck ii the zoo,12 o'clock - brooklyn zu,positive,money,1995,"given the power punch, soon to be paid like Donald Trump",http://genius.com/ol-dirty-bastard-protect-ya-neck-ii-the-zoo-lyrics
113,Donald Trump,my word is bond,donald d,positive,NA,1989,"and after that me and Donald Trump hung out / donald talkin' 'bout Donald Trump,' man, y'all is crazy",http://genius.com/ice-t-my-word-is-bond-lyrics
114,Donald Trump,50/banks,50 cent,positive,money,2002,"we can talk trump talk, real estate, stocks, and bonds",http://genius.com/50-cent-50-banks-lyrics
115,Donald Trump,skill trade,nice,positive,money,1990,i'm not rich like Donald Trump,http://genius.com/nice-skill-trade-lyrics
116,Donald Trump,strip club luv,69 boyz,positive,money,1998,girl if your beauty was a dollar you'd be richer than trump,http://genius.com/69-boyz-strip-club-luv-lyrics
117,Donald Trump,no shots,7l & esoteric,positive,money,2010,it's like trump in your crib countin' money with you,http://genius.com/7l-no-shots-lyrics
118,Donald Trump,skypager,a tribe called quest,positive,money,1991,beeper's goin off like don trump gets checks,http://genius.com/a-tribe-called-quest-skypager-lyrics
119,Donald Trump,dolly and the rat trap,ultramagnetic mc's,neutral,money,1992,look at Donald Trump!,http://genius.com/ultramagnetic-mcs-dolly-and-the-rat-trap-lyrics
120,Donald Trump,the coup,the coup,negative,political,1993,"break yourself trump, it's collection day",http://genius.com/the-coup-the-coup-lyrics
121,Donald Trump,give it up fast,nas,positive,hotel,1996,i need a suite with the flowers complimentary at trump towers,http://genius.com/mobb-deep-give-it-up-fast-lyrics
122,Donald Trump,trailer,ace hood,positive,money,2013,"i'm trying to get richer than trump, a couple million for lunch",http://genius.com/ace-hood-trailer-lyrics
123,Donald Trump,the ebonic plague,ras kass,neutral,NA,1997,Donald Trump wouldn't let you shine his shoes my man,http://genius.com/cru-the-ebonic-plague-lyrics
124,Donald Trump,yeah yeah yeah,akala,positive,money,2006,"it amazes me, these rappers are so dumb / get they advance and think they trump",http://genius.com/akala-yeah-yeah-yeah-lyrics
125,Donald Trump,boughetto,ali,positive,money,2002,"trump money, but it's still the motel and kyjuan",http://genius.com/ali-boughetto-lyrics
126,Donald Trump,mafioso,kool g. rap,positive,hotel,1998,can't stop until i got a casa up in trump plaza,http://genius.com/kool-g-rap-mafioso-lyrics
127,Donald Trump,soldiers,master p,neutral,NA,1998,follow me dumpin' n----s study humpin' i ain't Donald Trump,http://genius.com/c-murder-soldiers-lyrics
128,Donald Trump,turn it into somethin',frost,positive,hotel,1999,real g's posted up at the trump towers,http://genius.com/frost-turn-it-into-somethin-lyrics
129,Donald Trump,fire,makeba mooncycle,neutral,NA,1999,playin Donald Trump for the mic with this,http://genius.com/royal-fam-fire-lyrics
130,Donald Trump,ba bump,black eyed peas,positive,money,2006,and if you got money fellas keep it like trump,http://genius.com/black-eyed-peas-ba-bump-lyrics
131,Donald Trump,open your mind,black the ripper,positive,money,2013,"who am i kidding, i'm try'na live lavish like trump",http://genius.com/black-the-ripper-open-your-mind-lyrics
132,Donald Trump,planewalker,bobby raps,positive,money,2015,i do more deals than Donald Trump does,http://genius.com/bobby-raps-planewalker-wuhuwahnmi2du-lyrics
133,Donald Trump,new world,nas,neutral,money,1999,the new don trump is bill gates,http://genius.com/nas-new-world-lyrics
134,Donald Trump,speed law,yasiin bey (mos def),positive,hotel,1999,rocked the trump tower to the terrordome,http://genius.com/yasiin-bey-speed-law-lyrics
135,Donald Trump,molly (remix),boston george,positive,money,2013,big money like Donald Trump,http://genius.com/boston-george-molly-remix-lyrics
136,Donald Trump,cloud aura,brooke candy,positive,personal,2013,"ivana and trump, shit, we coulda' ran the world",http://genius.com/charli-xcx-cloud-aura-lyrics
137,Donald Trump,hey papi,jay z,positive,hotel,2000,i went to 1 trump plaza on their asses,http://genius.com/jay-z-hey-papi-lyrics
138,Donald Trump,e.i.,nelly,positive,hotel,2000,get a room in trump towers just to hit the p hours,http://genius.com/nelly-ei-lyrics
139,Donald Trump,dipshits,cam'ron,positive,hotel,2014,"lookin' for me? top floor suite of the trump, baby",http://genius.com/camron-dipshits-lyrics
140,Donald Trump,soundscience,souls of mischief,neutral,personal,2000,they high drama like trump and ivana,http://genius.com/souls-of-mischief-soundscience-lyrics
141,Donald Trump,everywhere i go,tha eastsidaz,positive,hotel,2001,i got a room at the trump / later on we can slump,http://genius.com/tha-eastsidaz-everywhere-i-go-lyrics
142,Donald Trump,ghetto manifesto,the coup,neutral,NA,2001,met Donald Trump and he froze up,http://genius.com/the-coup-ghetto-manifesto-lyrics
143,Donald Trump,shorty,chingy,positive,money,2003,"i'm the young Donald Trump, is y'all hearin me?",http://genius.com/busta-rhymes-shorty-lyrics
144,Donald Trump,crazy,50 cent,positive,hotel,2002,now i'm paid - catch me in the trump tower lobby,http://genius.com/50-cent-crazy-lyrics
145,Donald Trump,wet! wet! wet!,princess superstar,neutral,hotel,2002,"wet in the elevator, trump tower or my lunch hour",http://genius.com/princess-superstar-wet-wet-wet-lyrics
146,Donald Trump,get paid,styles p,positive,hotel,2002,"tryin' to see my shit in the forbes, trump tower for 'self",http://genius.com/styles-p-get-paid-lyrics
147,Donald Trump,hustle harder,common,positive,hotel,2014,she know what n----s want she know how to make 'em hunt / hotel suite at the trump,http://genius.com/common-hustle-harder-lyrics
148,Donald Trump,john they're stealing,thirstin howl iii,neutral,money,2002,"sold to Donald Trump, for personal checks",http://genius.com/thirstin-howl-iii-john-theyre-stealing-lyrics
149,Donald Trump,motion,curren$y,positive,hotel,2012,car service brung me to the trump tower,http://genius.com/curren-y-motion-lyrics
150,Donald Trump,kick back music,cyhi the prynce,neutral,hotel,2013,that might get you staying a couple nights up at the trump,http://genius.com/cyhi-the-prynce-kick-back-music-lyrics
151,Donald Trump,skyscraper v,d.r.c,positive,money,2013,i'm trying to make it large trying to Donald Trump it,http://genius.com/drc-skyscraper-v-lyrics
152,Donald Trump,take it off part 2,busta rhymes,positive,hotel,2002,kennedy loft hoes mackin at the top of the trump towers,http://genius.com/busta-rhymes-take-it-off-part-2-lyrics
153,Donald Trump,jussummen,das efx,positive,money,1992,i went and break a slut like Donald Trump can break a million,http://genius.com/das-efx-jussummen-lyrics
154,Donald Trump,what more can i say,jay z,positive,hotel,2003,i'm at the trump international: ask for me i ain't never scared,http://genius.com/jay-z-what-more-can-i-say-lyrics
155,Donald Trump,nothing more,deda,positive,money,2003,"cause boom, you can be Donald Trump and shit",http://genius.com/pete-rock-nothing-more-lyrics
156,Donald Trump,tightanic,demark,positive,money,2014,we'll run the market like we be Donald Trump,http://genius.com/double-p-tightanic-lyrics
157,Donald Trump,feel the beat,ll cool j,positive,hotel,2004,spend a night in trump towers with a blue eyed blonde,http://genius.com/ll-cool-j-feel-the-beat-lyrics
158,Donald Trump,shyne,shyne,positive,hotel,2004,"and dick for you bitches, up in the trump tower",http://genius.com/shyne-shyne-lyrics
159,Donald Trump,right to bare arms,killah priest,negative,NA,2005,this one's for the cops and the war lord trump,http://genius.com/maccabeez-right-to-bare-arms-lyrics
160,Donald Trump,we gon' make it,diddy,positive,money,2006,"that bill gates, Donald Trump, bloomberg money",http://genius.com/puff-daddy-we-gon-make-it-lyrics
161,Donald Trump,good morning,cage,neutral,NA,2005,Donald Trump shotgun pumps illegal store fronts,http://genius.com/cage-good-morning-lyrics
162,Donald Trump,dumb,the high & mighty,negative,personal,2005,"i'm Donald Trump, with raccoon hair-dos",http://genius.com/the-high-and-mighty-dumb-lyrics
163,Donald Trump,i wish you would,chino xl,neutral,the apprentice,2005,music's my apprentice Donald Trump couldn't fire me,http://genius.com/sway-i-wish-you-would-lyrics
164,Donald Trump,money talks,double x posse,positive,money,1995,a bank account so fat that Donald Trump would wanna be me,http://genius.com/double-x-double-xx-posse-money-talks-lyrics
165,Donald Trump,i'm ballin' man,drama,positive,money,2000,more realer than rockafeller more cheese than Donald Trump,http://genius.com/dr-ama-im-ballin-lyrics
166,Donald Trump,shut up bitch,lil kim,positive,hotel,2005,"i'm in the trump international, 30 floors up (so high)",http://genius.com/lil-kim-shut-up-bitch-lyrics
167,Donald Trump,trump change,e-40,positive,money,1998,"trump change, i'm talkin Donald Trump change",http://genius.com/e-40-trump-change-lyrics
168,Donald Trump,heavy metal kings,jedi mind tricks,neutral,the apprentice,2006,"i'm like trump in the apprentice, only fire at night",http://genius.com/jedi-mind-tricks-heavy-metal-kings-lyrics
169,Donald Trump,the n,nas,neutral,personal,2006,the apprentice but not trump,http://genius.com/nas-the-n-lyrics
170,Donald Trump,buy u some 2,erick sermon,positive,money,2006,"no need to talk about the reeiches, i mean trump punk",http://genius.com/too-short-buy-u-some-2-lyrics
171,Donald Trump,favorite drug,styles p,positive,hotel,2006,"got a blunt blaze it up, we can get a room in the trump",http://genius.com/styles-p-favorite-drug-lyrics
172,Donald Trump,mo cars mo hoes,fabolous,positive,money,2008,"they know i'm hood rich, Donald Trump of the pumpers",http://genius.com/fabolous-mo-cars-mo-hoes-lyrics
173,Donald Trump,so what,far east movement,positive,money,2010,hundred dollar bills stacked higher than the trump,http://genius.com/far-east-movement-so-what-lyrics
174,Donald Trump,lie-z,fat boys,positive,money,1989,"boy, i got money like Donald Trump!",http://genius.com/fat-boys-lie-z-lyrics
175,Donald Trump,jealousy,fat joe,positive,money,2006,we fuckin with Donald Trump now,http://genius.com/fat-joe-jealousy-lyrics
176,Donald Trump,kick it like that,styles p,positive,hotel,2006,"i'm at the double-oh suites of trump, for at least a month",http://genius.com/styles-p-kick-it-like-that-lyrics
177,Donald Trump,playas only,the game,neutral,hotel,2006,bet she ain't never seen the penthouse at the trump,http://genius.com/the-game-playas-only-lyrics
178,Donald Trump,the morning news,chamillionaire,neutral,NA,2007,rosie o'donnell and Donald Trump stay arguin' about nonsense,http://genius.com/chamillionaire-the-morning-news-lyrics
179,Donald Trump,blow ya mind remix,jadakiss,positive,hotel,2007,"pump haze, blow sour, top floor of the trump towers",http://genius.com/styles-p-blow-ya-mind-remix-lyrics
180,Donald Trump,invisible man,joe budden,positive,hotel,2007,"one's national, trump international, rational",http://genius.com/joe-budden-invisible-man-lyrics
181,Donald Trump,my drink n my 2 step (remix),kanye west,neutral,the apprentice,2007,"we fired motherfuckers, Donald Trump n----",http://genius.com/cassidy-my-drink-n-my-2-step-remix-lyrics
182,Donald Trump,midgets and giants,sage francis,neutral,the apprentice,2007,"fuck an apprentice, i've got more firepower than Donald Trump",http://genius.com/sage-francis-midgets-and-giants-lyrics
183,Donald Trump,we made our own,future,positive,money,2013,"i'm john gotti paid, now i'm going Donald Trump",http://genius.com/future-we-made-our-own-lyrics
184,Donald Trump,suicide,fabolous,positive,hotel,2008,"it's loso, a.k.a the 1 trump plaza suite creeper",http://genius.com/fabolous-suicide-lyrics
185,Donald Trump,mo cars mo hoes,freck billionaire,positive,hotel,2008,"trump tower, you ain't got the same room as me",http://genius.com/fabolous-mo-cars-mo-hoes-lyrics
186,Donald Trump,love don't cost a thing (neptunes remix),ghostface killah,positive,money,2012,"big lobster dishes wit trump, this how come i feel for you",http://genius.com/jennifer-lopez-love-dont-cost-a-thing-neptunes-remix-lyrics
187,Donald Trump,truth,god,positive,money,2014,"tryna add a couple more zeroes, Donald Trump is my hero",http://genius.com/god-truth-lyrics
188,Donald Trump,song for the ville,j.cole,neutral,money,2010,"bill gates, Donald Trump, motherfucker let me in",http://genius.com/j-cole-song-for-the-ville-lyrics
189,Donald Trump,don't trip,petey pablo,neutral,NA,2009,i done been with Donald Trump and you help bitches,http://genius.com/petey-pablo-dont-trip-lyrics
190,Donald Trump,loose,spank rock,positive,hotel,2008,"ain't that what you want, a hilton ain't a trump",http://genius.com/spank-rock-loose-lyrics
191,Donald Trump,how we rock,termanology,neutral,money,2008,i copped enough coke and guns to open trump,http://genius.com/termanology-how-we-rock-lyrics
192,Donald Trump,pimp slap,tyler the creator,neutral,personal,2008,with my Donald Trump hair piece you're an apprentice,http://genius.com/left-brain-pimp-slap-lyrics
193,Donald Trump,i gotta say what up!!!,ice cube,positive,money,1990,cause he makin' more than Donald Trump,http://genius.com/ice-cube-i-gotta-say-what-up-lyrics
194,Donald Trump,three strikes you in,ice cube,positive,money,1998,i'm just tryin' to get rich like trump,http://genius.com/ice-cube-three-strikes-you-in-lyrics
195,Donald Trump,folklore,dumbtron,negative,political,2009,alarming heat at the heels of a punk politician / trump tall tales with a bump full of bomb fission,http://genius.com/mr-lif-folklore-lyrics
196,Donald Trump,put ya in da game,fat joe,positive,hotel,2009,"i took her out of the 'jects, the top floor of the trump",http://genius.com/fat-joe-put-ya-in-da-game-lyrics
197,Donald Trump,daze,ja-bar,positive,money,2010,"the Donald Trump money, a pow way is stuntin' and problems keep on comin'",http://genius.com/ja-bar-daze-lyrics
198,Donald Trump,i'm ballin,rick ross,neutral,money,2009,proceeds 'till we perceive the stunt like Donald Trump,http://genius.com/j-money-im-ballin-lyrics
199,Donald Trump,so appalled,kanye west,neutral,money,2010,"balding, Donald Trump taking dollars from y'all",http://genius.com/kanye-west-so-appalled-lyrics
200,Donald Trump,independent,kxng crooked,positive,hotel,2010,"we fuck a couple hoes, am i sweet at the trump?",http://genius.com/crooked-i-independent-lyrics
201,Donald Trump,blue flame remix,lil b,neutral,the apprentice,2010,"call me Donald Trump how i fire losers / how Donald Trump fire workers, i fire rugers",http://genius.com/lil-b-blue-flame-remix-lyrics
202,Donald Trump,success,jay z,positive,hotel,2007,i got watches i ain't seen in months / apartment at the trump; i only slept in once,http://genius.com/jay-z-success-lyrics
203,Donald Trump,zoom zooms and wam wam,jay-o-felony,positive,personal,1995,"i wanna be like Donald Trump, not willie lump-lump",http://genius.com/jay-o-felony-zoom-zooms-and-wam-wam-lyrics
204,Donald Trump,street 2 street,jay-o-felony,positive,money,1997,smokin the hump with dreams of livin lavish like Donald Trump,http://genius.com/jay-o-felony-street-2-street-lyrics
205,Donald Trump,still get it in ohio,machine gun kelly,neutral,NA,2010,and they call me Donald Trump mr. o-h-i-o took your misses / and now you just mr. i-hate-my-ho (lame),http://genius.com/machine-gun-kelly-still-get-it-in-ohio-lyrics
206,Donald Trump,thug motivation 101,jeezy,positive,NA,2005,i'm Donald Trump in a white tee and white 1's (chea),http://genius.com/jeezy-thug-motivation-101-lyrics
207,Donald Trump,trump,jeezy,positive,money,2011,richest n---- in my hood; call me Donald Trump,http://genius.com/jeezy-trump-lyrics
208,Donald Trump,vagina,"royce da 5'9""",positive,hotel,2010,i'm in the trump tower shower washin' ink off me,http://genius.com/royce-da-59-vagina-lyrics
209,Donald Trump,if you love me,sheek louch,positive,hotel,2010,"burgundy gauze, trump building one of these floors",http://genius.com/dj-absolut-if-you-love-me-lyrics
210,Donald Trump,salute,the diplomats,neutral,hotel,2010,"she was wearin pumps, headed to the trump",http://genius.com/the-diplomats-salute-lyrics
211,Donald Trump,i don't play with guns,alley boy,neutral,NA,2011,"add up our word: all the nonbelievers in white chalk / trump n----, talk shit",http://genius.com/juicy-j-i-dont-play-with-guns-lyrics
212,Donald Trump,shootin,juicy j,neutral,the apprentice,2013,and fire them shots just like i'm Donald Trump,http://genius.com/juicy-j-shootin-lyrics
213,Donald Trump,tell me what you're lookin' for,kane & abel,positive,money,1998,"kane and abel in this bitch, gettin' rich as trump",http://genius.com/kane-tell-me-what-youre-lookin-for-lyrics
214,Donald Trump,tim westwood freestyle,kanye west,positive,money,2004,"uh, more like Donald Trump, with the way i get it crunk",http://genius.com/kanye-west-tim-westwood-freestyle-lyrics
215,Donald Trump,webster's laboratory,chris webby,neutral,the apprentice,2011,so authentic Donald Trump is my apprentice,http://genius.com/chris-webby-websters-laboratory-lyrics
216,Donald Trump,p.a.,mac miller,negative,personal,2011,Donald Trump with better hair,http://genius.com/freeway-pa-lyrics
217,Donald Trump,is it love,kendrick lamar,positive,money,2009,"give me fame and fortune, me and trump on golf courses",http://genius.com/kendrick-lamar-is-it-love-lyrics
218,Donald Trump,another one,rock,neutral,NA,2011,"i own them, fuck a Donald Trump, i'm 'donald dump' i got realty",http://genius.com/random-axe-another-one-lyrics
219,Donald Trump,reputations on the line,kevin gates,positive,money,2011,"money right, my feelings ice, i'm Donald Trump when it's precise",http://genius.com/kevin-gates-reputations-on-the-line-lyrics
220,Donald Trump,best days of lives,donnis,neutral,NA,2011,"i'm a mac bitch, i stay on my Donald Trump shit",http://genius.com/xv-best-days-of-lives-lyrics
221,Donald Trump,paid,kid rock,positive,money,1996,i'll still be in the house getting paid like trump,http://genius.com/kid-rock-paid-lyrics
222,Donald Trump,lights,frank ocean,neutral,money,2011,Donald Trump said buy an apartment wit her,http://genius.com/frank-ocean-lights-lyrics
223,Donald Trump,tower heist,nas,positive,hotel,2011,"this a tower heist, even Donald Trump can get it",http://genius.com/nas-tower-heist-lyrics
224,Donald Trump,once upon a time,king sun,positive,money,1994,today i'm livin large as if my last name was trump,http://genius.com/king-sun-once-upon-a-time-lyrics
225,Donald Trump,on the real,nas,positive,hotel,2011,"up in the trump plaza, suite 3010",http://genius.com/nas-on-the-real-lyrics
226,Donald Trump,thug chronicles,kool g. rap,positive,money,2002,collect trump papers with pumps and gauges,http://genius.com/kool-g-rap-thug-chronicles-lyrics
227,Donald Trump,k.o.t.t.o.n.m.o.u.t.h.,kottonmouth kings,neutral,the apprentice,2008,i'm like the Donald Trump of drinking and homie your fired,http://genius.com/kottonmouth-kings-kottonmouth-lyrics
228,Donald Trump,your world & my world,raekwon,positive,hotel,2011,"wild fight, customized dice, get nice in the trump tower",http://genius.com/raekwon-your-world-and-my-world-lyrics
229,Donald Trump,you know what,tinie tempah,neutral,the apprentice,2011,"Donald Trump profit, take an apprenticeship",http://genius.com/tinie-tempah-you-know-what-lyrics
230,Donald Trump,elimination chamber,action bronson,positive,hotel,2012,"backflip in a jacuzzi, forty floors inside the trump",http://genius.com/domo-genesis-and-alchemist-elimination-chamber-lyrics
231,Donald Trump,help me,deuce,neutral,money,2012,motherfucker i ain't got no love for some fake ass wannabe Donald Trump!,http://genius.com/deuce-help-me-lyrics
232,Donald Trump,flex 36,lil b,positive,NA,2013,"stephen curry basedgod, Donald Trump basedgod",http://genius.com/lil-b-flex-36-lyrics
233,Donald Trump,jet life (remix),jeezy,positive,hotel,2012,trump towers i'm sky high,http://genius.com/curren-y-jet-life-remix-lyrics
234,Donald Trump,what's up wit dat,lil wayne,positive,money,2000,next time you see me i'll have money like Donald Trump,http://genius.com/juvenile-whats-up-wit-dat-lyrics
235,Donald Trump,get down,lil wayne,positive,money,2004,i gotta hold up my estate like Donald Trump,http://genius.com/lil-wayne-get-down-lyrics
236,Donald Trump,ice cream,lil wayne,positive,money,2009,"i was in the trenches, now i'm in the trump",http://genius.com/lil-wayne-ice-cream-lyrics
237,Donald Trump,racks,lil wayne,positive,money,2011,get money like Donald Trump,http://genius.com/lil-wayne-racks-on-racks-lyrics
238,Donald Trump,ball,lil wayne,neutral,the apprentice,2012,i'ma fire my blunt like Donald Trump,http://genius.com/ti-ball-lyrics
239,Donald Trump,lil snupe meek mill freestyle part 2,lil' snupe,positive,money,2013,and show her how i get it like i'm Donald Trump,http://genius.com/lil-snupe-lil-snupe-meek-mill-freestyle-part-2-lyrics
240,Donald Trump,comin' for ya head,raekwon,positive,hotel,2012,"we chilling in the trump towers, onions and soul",http://genius.com/wu-block-comin-for-ya-head-lyrics
241,Donald Trump,blame the label (ghida fakhry),the narcicyst,neutral,personal,2012,we're brushing up over here (hair) like Donald Trump,http://genius.com/the-narcicyst-blame-the-label-ghida-fakhry-lyrics
242,Donald Trump,perfume,aasim,positive,hotel,2013,"four seasons or the trump, come have a sleep over",http://genius.com/aasim-perfume-lyrics
243,Donald Trump,hip hop quotables,ludacris,positive,money,2003,"i buy cars with straight cash, have meetings with Donald Trump",http://genius.com/ludacris-hip-hop-quotables-lyrics
244,Donald Trump,raiders cap,demigodz,negative,personal,2013,blow your wig to the side like hair on Donald Trump,http://genius.com/demigodz-raiders-cap-lyrics
245,Donald Trump,Donald Trump,mac miller,positive,money,2011,"take over the world when i'm on my Donald Trump shit / look at all this money, ain't that some shit",http://genius.com/mac-miller-donald-trump-lyrics
246,Donald Trump,thoughts from a balcony,mac miller,positive,money,2012,"my khaki's filled with cheese, my homie sap is on the beat like it was ""Donald Trump,"" a fucking hit but i just call it luck",http://genius.com/mac-miller-thoughts-from-a-balcony-lyrics
247,Donald Trump,dis ain't what you want (remix),french montana,negative,NA,2013,"you can hate, don't frown, my n---- / with Donald Trump in the trunk, my n----",http://genius.com/lil-durk-dis-aint-what-you-want-remix-lyrics
248,Donald Trump,don't drop that,futuristic,neutral,the apprentice,2013,not even Donald Trump would fire zach,http://genius.com/futuristic-dont-drop-that-lyrics
249,Donald Trump,211,master p,positive,money,1994,put more cash in my pockets than Donald Trump,http://genius.com/master-p-211-lyrics
250,Donald Trump,morphine,gorilla warfare tactics,positive,hotel,2013,like im trump and yelling out on the tower top of the taj,http://genius.com/gorilla-warfare-tactics-morphine-lyrics
251,Donald Trump,off the corner,meek mill,positive,money,2014,going Donald Trump numbers on the corner,http://genius.com/meek-mill-off-the-corner-lyrics
252,Donald Trump,since day 1,migos,positive,money,2013,"i got the white man money, call me Donald Trump",http://genius.com/migos-since-day-1-lyrics
253,Donald Trump,giv no fuks,migos,positive,NA,2014,"wake up in the morning, up like Donald Trump",http://genius.com/jeremih-giv-no-fuks-lyrics
254,Donald Trump,"dag, philly too",homeboy sandman,neutral,NA,2013,"before a trump, the billionaire punks was the pattern",http://genius.com/homeboy-sandman-dag-philly-too-lyrics
255,Donald Trump,neighborhood scientists,migos,positive,money,2015,living life like Donald Trump,http://genius.com/migos-neighborhood-scientists-lyrics
256,Donald Trump,bars,migos,positive,money,2016,billionaire looking my way im on pace / feeling like Donald Trump back in the day,http://genius.com/migos-bars-lyrics
257,Donald Trump,minority report,kxng crooked,positive,hotel,2013,"im in the trump and the national out in sunny isles, miami",http://genius.com/crooked-i-minority-report-lyrics
258,Donald Trump,red dot music,loaded lux,neutral,money,2013,i'm gon' rob this chump / on a party on fifth ave like he Donald Trump,http://genius.com/mac-miller-red-dot-music-lyrics
259,Donald Trump,break my wrist,peewee longway,neutral,the apprentice,2013,"i'm Donald Trump, you think i won't fire my bitch",http://genius.com/peewee-longway-break-my-wrist-lyrics
260,Donald Trump,money is my bitch,nas,positive,personal,1999,the best couple they seen since trump and marla maple,http://genius.com/nas-money-is-my-bitch-lyrics
261,Donald Trump,karate chop (freestyle),shaquille o'neal,neutral,money,2013,"you ain't got enough, better get a loan from mr. bill gates / and Donald Trump, and carlos slim",http://genius.com/shaquille-oneal-karate-chop-freestyle-lyrics
262,Donald Trump,the people's douche,spose,neutral,money,2013,Donald Trump just asked me for spare change,http://genius.com/spose-the-peoples-douche-lyrics
263,Donald Trump,make the world go round,nas,positive,hotel,2008,get the whole trump tower top floor for the hood,http://genius.com/nas-make-the-world-go-round-lyrics
264,Donald Trump,i shoulda tried harder,wax,neutral,NA,2013,but Donald Trump i ain't talking to you,http://genius.com/wax-i-shoulda-tried-harder-lyrics
265,Donald Trump,break my wrist,young thug,neutral,the apprentice,2013,i'm Donald Trump i just fire my bitch,http://genius.com/peewee-longway-break-my-wrist-lyrics
266,Donald Trump,loco-motive,nas,positive,money,2012,"like trump being up down up, play with cash",http://genius.com/nas-loco-motive-lyrics
267,Donald Trump,loaded,young thug,neutral,NA,2013,(uh!) plottin' on Donald Trump (woo! woo!),http://genius.com/young-thug-loaded-lyrics
268,Donald Trump,country grammar (hot shit),nelly,positive,money,2000,"bill gates, Donald Trump, let me in now",http://genius.com/nelly-country-grammar-hot-shit-lyrics
269,Donald Trump,its sad boy,yung gleesh,neutral,hotel,2013,pushed a button to the trump towers,http://genius.com/yung-gleesh-its-sad-boy-lyrics
270,Donald Trump,i wanna be with you,nicki minaj,positive,hotel,2013,"at the trump, and you bitches at the radisson",http://genius.com/dj-khaled-i-wanna-be-with-you-lyrics
271,Donald Trump,party ain't a party,2 chainz,positive,hotel,2014,exit the club to the trump,http://genius.com/jamie-foxx-party-aint-a-party-lyrics
272,Donald Trump,last year,borgore,neutral,power,2014,"fuck the trump, i want my own tower",http://genius.com/borgore-last-year-lyrics
273,Donald Trump,inheiritance,king mez,negative,NA,2014,trump for the china white and they mental like dynamite,http://genius.com/king-mez-inheiritance-lyrics
274,Donald Trump,what we doing,fat trel,positive,hotel,2014,where we at? (trump tower),http://genius.com/fat-trel-what-we-doing-lyrics
275,Donald Trump,sirens,hoodie allen,positive,hotel,2014,last night at the trump tower taking drunk showers,http://genius.com/hoodie-allen-sirens-lyrics
276,Donald Trump,tru master,pete rock,positive,money,1998,in hot pursuit of Donald Trump rap loot,http://genius.com/pete-rock-tru-master-lyrics
277,Donald Trump,hollow da don vs. joe budden,joe budden,neutral,the apprentice,2014,"senseless, apprentice i thought da don knew trump (Donald Trump)",http://genius.com/total-slaughter-hollow-da-don-vs-joe-budden-lyrics
278,Donald Trump,get it (dt),pharrell,positive,money,2011,i'm talking Donald Trump level,http://genius.com/big-sean-get-it-dt-lyrics
279,Donald Trump,bizarre,mouf,neutral,the apprentice,2014,"here trump shit, Donald Trump shit",http://genius.com/jaygo-bizarre-lyrics
280,Donald Trump,the dangerous three,r.a. the rugged man,positive,power,2013,"i'm the don: corleone, cornelius, trump, king",http://genius.com/ra-the-rugged-man-the-dangerous-three-lyrics
281,Donald Trump,up like trump,rae sremmurd,positive,personal,2015,up like Donald Trump,http://genius.com/rae-sremmurd-up-like-trump-lyrics
282,Donald Trump,incarcerated scarfaces,raekwon,positive,money,1995,"rae's a heavy generator, but yo, guess who's the black trump? / you rolling like trump, you get your meat lumped",http://genius.com/raekwon-incarcerated-scarfaces-lyrics
283,Donald Trump,flawless remix,nicki minaj,positive,hotel,2014,"i told him meet me at the trump, ivanka",http://genius.com/beyonce-flawless-remix-lyrics
284,Donald Trump,dart school,raekwon,neutral,NA,2011,"we was cooling in the trump section, throwing bubbly",http://genius.com/raekwon-dart-school-lyrics
285,Donald Trump,new york minute (remix),nicki minaj,positive,hotel,2010,i remember how it felt when the twin towers fell i was in the trump towers looking for some shower gel,http://genius.com/french-montana-new-york-minute-remix-lyrics
286,Donald Trump,google that,raekwon,positive,money,2012,"black trump, n----, with fat pockets",http://genius.com/nore-google-that-lyrics
287,Donald Trump,hazelton trump,ob o'brien,positive,hotel,2014,"uh, i know this girl, i call her hazelton trump",http://genius.com/ob-obrien-hazelton-trump-lyrics
288,Donald Trump,da funk,redman,positive,personal,1992,i'm well known like Donald Trump,http://genius.com/redman-da-funk-lyrics
289,Donald Trump,sacrifices,rich homie quan,positive,money,2013,"ask Donald Trump, i want his figures",http://genius.com/rich-homie-quan-sacrifices-lyrics
290,Donald Trump,10 2 10 (remix),rick ross,positive,hotel,2014,"i got a place at the trump, just to pray for advice",http://genius.com/big-sean-10-2-10-remix-lyrics
291,Donald Trump,this is the life,rick ross,positive,hotel,2008,"i'm in trump towers, amongst earners",http://genius.com/rick-ross-this-is-the-life-lyrics
292,Donald Trump,i mean it (remix),rick ross,neutral,money,2014,i'm at the poker table like i'm Donald Trump,http://genius.com/g-eazy-i-mean-it-remix-lyrics
293,Donald Trump,pirates,rick ross,positive,money,2012,"resurrection of the real, time to get the richer than trump",http://genius.com/rick-ross-pirates-lyrics
294,Donald Trump,sixteen,rick ross,positive,hotel,2012,trump tower and i started with a 10 speed,http://genius.com/rick-ross-sixteen-lyrics
295,Donald Trump,think like a man,rick ross,positive,hotel,2012,"penthouse, at the trump, sit on collins ave",http://genius.com/jennifer-hudson-think-like-a-man-lyrics
296,Donald Trump,maybe you love me,riff raff,positive,hotel,2014,trump towers with donald (donald) i can't drive a honda (uh uh),http://genius.com/riff-raff-maybe-you-love-me-lyrics
297,Donald Trump,keith sweat (jodeci freestyle),young tero,neutral,the apprentice,2014,"cause i got goons that keep the fire, no Donald Trump",http://genius.com/young-tero-keith-sweat-jodeci-freestyle-lyrics
298,Donald Trump,pnt,apollo brown & ras kass,neutral,political,2015,"he kenyan, trump wanted his certificate of birth",http://genius.com/apollo-brown-and-ras-kass-pnt-lyrics
299,Donald Trump,she wanna fuck,rick ross,positive,money,2015,"bel air bottles like a boss, penthouse at the trump",http://genius.com/rick-ross-she-wanna-fuck-lyrics
300,Donald Trump,dope spot,cam'ron,neutral,political,2015,"arrogant rich n----, we might vote for trump",http://genius.com/camron-berner-dope-spot-lyrics
301,Donald Trump,florida state,riff raff,positive,money,2015,"i could switch lanes, Donald Trump private planes",http://genius.com/riff-raff-florida-state-lyrics
302,Donald Trump,have a nice day,ab-stract,negative,political,2015,don't look like change will happen soon / Donald Trump is all that they talk about,http://genius.com/ab-stract-have-a-nice-day-lyrics
303,Donald Trump,flavas back,chino tovar,negative,political,2015,stop deportation we just chasing dreams / Donald Trump - king of slavery,http://genius.com/the-sindicate-flavas-back-lyrics
304,Donald Trump,making some moves,daj,negative,NA,2015,"young n----s get it, fuck Donald Trump",http://genius.com/daj-making-some-moves-lyrics
305,Donald Trump,10 times,freddie gibbs,positive,hotel,2015,"smokin at the trump tower, bout to call a ho",http://genius.com/freddie-gibbs-10-times-lyrics
306,Donald Trump,sway in the morning freestyle,eminem,negative,political,2015,i'm fucked worse than Donald Trump on lexapro in mexico across from a texaco in mcdonald's drunk,http://genius.com/eminem-sway-in-the-morning-freestyle-lyrics
307,Donald Trump,straight drop,gucci mane,neutral,NA,2015,"hugo boss, [?], i just Donald Trump you",http://genius.com/gucci-mane-straight-drop-lyrics
308,Donald Trump,so tight,hugh lee,neutral,sexual,2015,she getting down and she stick it out for that money shot / trump cake,http://genius.com/hugh-lee-so-tight-lyrics
309,Donald Trump,spraying my pen,saukrates,positive,money,2013,"ain't no apprentice, i'm Donald Trump / get money, get money, i don't succumb",http://genius.com/k-os-spraying-my-pen-lyrics
310,Donald Trump,money and the power,scarface,positive,money,1991,"n---- rollin hard, stackin paper like trump",http://genius.com/scarface-money-and-the-power-lyrics
311,Donald Trump,way it go,sd,positive,political,2015,presidential shit; the hood Donald Trump,http://genius.com/sd-way-it-go-lyrics
312,Donald Trump,black friday,kendrick lamar,negative,political,2015,"play with him, bitch you better off voting for Donald Trump",http://genius.com/kendrick-lamar-black-friday-lyrics
313,Donald Trump,one name,sheek louch,positive,money,2005,"big trips, louis bags, welcome to the ice (bling) / rock big enough to make trump look twice",http://genius.com/sheek-louch-one-name-lyrics
314,Donald Trump,men of respect,sheek louch,neutral,NA,2007,"i'm getting sex from 9th and up, that's living it up / not Donald Trump but what, buying pies for the class",http://genius.com/kasino-men-of-respect-lyrics
315,Donald Trump,ransom,rich white ladies,negative,NA,2015,tie Donald Trump to a stump take a bump with him and a drag,http://genius.com/rich-white-ladies-ransom-lyrics
316,Donald Trump,spend some cheese,shyne,positive,money,2000,"like don trump, black ted turner, totin burners",http://genius.com/shyne-spend-some-cheese-lyrics
317,Donald Trump,bad boyz,shyne,positive,hotel,2000,what type of n---- stay in the trump for weeks? (bad boyz),http://genius.com/shyne-bad-boyz-lyrics
318,Donald Trump,bonnie & shyne,shyne,neutral,hotel,2000,"did it all, four seasons to the trump",http://genius.com/shyne-bonnie-and-shyne-lyrics
319,Donald Trump,free enterprise,rick ross,negative,political,2015,assassinate trump like i'm zimmerman,http://genius.com/rick-ross-free-enterprise-lyrics
320,Donald Trump,el chapo,the game,negative,personal,2015,come through and knock Donald Trump out his toupee,http://genius.com/the-game-el-chapo-lyrics
321,Donald Trump,"blase (jeezy, juicy j & diddy remix)",ty dolla $ign,negative,political,2015,i dont fuck with Donald Trump he dont like us,http://genius.com/ty-dolla-sign-blase-jeezy-juicy-j-and-diddy-remix-lyrics
322,Donald Trump,coke & wet,spank rock,positive,money,2006,"that's wall street, Donald Trump, bass grilla stack",http://genius.com/spank-rock-coke-and-wet-lyrics
323,Donald Trump,r.i.c.o. (remix),waka flocka flame,negative,political,2015,"and fuck Donald Trump, man / i'm sending you straight to mexico to live in, motherfucker",http://genius.com/waka-flocka-flame-rico-remix-lyrics
324,Donald Trump,loco,young buck,negative,political,2015,and i'm fuck wat Donald Trump talk bout i like change when i met rosetta,http://genius.com/young-buck-loco-lyrics
325,Donald Trump,big tyme,stretch,positive,money,2001,"i'm beyond that, livin' like trump",http://genius.com/e-money-bags-big-time-lyrics
326,Donald Trump,pussy,strings,positive,money,2002,i'm sitting on some make em holla pussy / bill gates Donald Trump million dollar pussy,http://genius.com/strings-pussy-lyrics
327,Donald Trump,computers (freestyle),migos,neutral,hotel,2015,smoking power at the trump tower,http://genius.com/migos-computers-freestyle-lyrics
328,Donald Trump,trap problems,migos,neutral,the apprentice,2015,"feeling like Donald Trump, bitch you is fired",http://genius.com/migos-trap-problems-lyrics
329,Donald Trump,zion,omen,neutral,NA,2015,"no Donald Trump, bill gates or bruce wayne / the only thing i had to my name was a few dreams",http://genius.com/omen-zion-lyrics
330,Donald Trump,money like my og,swagg porter & star,positive,hotel,2012,"now its 1st class flights, penthouse at the trump for the night",http://genius.com/swagg-porter-and-star-money-like-my-og-lyrics
331,Donald Trump,i think i'm swipa,swipa,positive,money,2013,getting these dollars call me swipa trump,http://genius.com/swipa-i-think-im-swipa-lyrics
332,Donald Trump,i need dollas,t.i.,positive,money,2012,used to want dough like jc but now i'm thinking Donald Trump,http://genius.com/ti-i-need-dollas-lyrics
333,Donald Trump,buku,robb bank$,positive,hotel,2015,i'm with my mexican bitch at the trump,http://genius.com/robb-bank-buku-lyrics
334,Donald Trump,gratitude,talib kweli,positive,hotel,2015,joey made this beat in the trump tower,http://genius.com/talib-kweli-gratitude-lyrics
335,Donald Trump,fired,tech n9ne,neutral,the apprentice,2015,Donald Trump! (fire that bitch!),http://genius.com/tech-n9ne-fired-lyrics
336,Donald Trump,wet dollars,tink,positive,hotel,2015,downtown livin' at the trump,http://genius.com/tink-wet-dollars-lyrics
337,Donald Trump,purpose,young thug,neutral,NA,2015,"no donald, i'd trump that bitch",http://genius.com/young-thug-purpose-lyrics
338,Donald Trump,datpiff (freeverse series ep. 4),chris webby,neutral,NA,2016,you'll never see it like Donald Trump on a prayer mat,http://genius.com/chris-webby-datpiff-freeverse-series-ep-4-lyrics
339,Donald Trump,driving gloves,the alchemist,positive,money,2015,"pockets trump like i just struck the lottery, lotto",http://genius.com/gangrene-driving-gloves-lyrics
340,Donald Trump,gucci comin home,bia,neutral,NA,2016,man if gucci comin' home then we don't need no Donald Trump,http://genius.com/bia-gucci-comin-home-lyrics
341,Donald Trump,pimps (free stylin at the fortune 500 club),the coup,positive,money,1994,trump trump check out the cash in my trunk / i am Donald Trump me think you mighta heard about me,http://genius.com/the-coup-pimps-free-stylin-at-the-fortune-500-club-lyrics
342,Donald Trump,world war 6,boosie badazz,neutral,political,2016,"if trump wins, hes saying hes building the wall to stop the dope",http://genius.com/boosie-badazz-world-war-6-lyrics
343,Donald Trump,pop style (remix),devvon terrell,neutral,personal,2016,you want official like Donald Trump hair,http://genius.com/devvon-terrell-pop-style-remix-lyrics
344,Donald Trump,slenderman,germ,neutral,NA,2016,"that gives no fuck, like trump and such",http://genius.com/uicideboy-x-germ-slenderman-lyrics
345,Donald Trump,misconceptions 3,jgivens,neutral,political,2016,they shocked to see us like Donald Trump up in a taqueria,http://genius.com/lecrae-misconceptions-3-lyrics
346,Donald Trump,lost a fan,kxng crooked,neutral,money,2016,"she homeless and they don't give a fuck / gentrification, they laughin' getting rich as trump",http://genius.com/statik-kxng-lost-a-fan-lyrics
347,Donald Trump,flem,a$ap ferg,negative,political,2016,"trump win, i'm flying off the soil",http://genius.com/a-ap-ferg-flem-lyrics
348,Donald Trump,living the life,the notorious b.i.g.,positive,money,2005,"twenty seven cars and a twelve bedroom house, now they call me snoopy trump",http://genius.com/the-notorious-big-living-the-life-lyrics
349,Donald Trump,thought u lost it,caskey,negative,political,2016,our country-fucked if i'm assessin' the candidates / if Donald Trump wins maybe a man of space,http://genius.com/caskey-thought-u-lost-it-lyrics
350,Donald Trump,i need,croosh,negative,political,2016,i want to buy Donald Trump and sell him to el chapo,http://genius.com/croosh-i-need-lyrics
351,Donald Trump,bad boy on death row,dave east,negative,NA,2016,"Donald Trump ain't safe on my block, gotcha your wifey at ihop",http://genius.com/dave-east-bad-boy-on-death-row-lyrics
352,Donald Trump,cit4dt,dooley,negative,political,2016,we got a chopper in the trunk for Donald Trump,http://genius.com/dooley-cit4dt-lyrics
353,Donald Trump,hard (freestyle),"royce da 5'9""",positive,hotel,2016,i'm flyer than mos def in a trump tower surrounded by four chefs,http://genius.com/royce-da-59-hard-freestyle-lyrics
354,Donald Trump,high seas (c+),tom hobbes,positive,money,2013,and i'm all about that real estate so Donald Trump i feel you,http://genius.com/tom-hobbes-high-seas-c-lyrics
355,Donald Trump,priceless,tory lanez,positive,money,2014,i'm countin' money like i'm Donald Trump,http://genius.com/tory-lanez-priceless-lyrics
356,Donald Trump,billionaire,twista,positive,money,2009,Donald Trump makin big money go-getter,http://genius.com/twista-billionaire-lyrics
357,Donald Trump,which is cool,royce da 59,positive,hotel,2016,"like tommy lee and pam anderson, i'm in the trump tower",http://genius.com/royce-da-59-which-is-cool-lyrics
358,Donald Trump,my speech (queen's speech remix),sik world,neutral,political,2016,tryna battle me's dumb / like a mexican voting for Donald Trump,http://genius.com/sik-world-my-speech-queens-speech-remix-lyrics
359,Donald Trump,pocket full of stones,ugk,positive,NA,1992,fuck black caesar n----s call me black trump,http://genius.com/ugk-pocket-full-of-stones-lyrics
360,Donald Trump,nobody speak,el-p,negative,personal,2016,flame your crew quicker than trump fucks his youngest,http://genius.com/dj-shadow-nobody-speak-lyrics
361,Donald Trump,look me in my eyes,vado,positive,hotel,2014,"having a bunch in the plaza, top floor on the trump",http://genius.com/vado-look-me-in-my-eyes-lyrics
362,Donald Trump,everything's a go (remix),waka flocka flame,positive,money,2012,"Donald Trump bank account, you can call it that",http://genius.com/waka-flocka-flame-everythings-a-go-remix-lyrics
363,Donald Trump,wicked freestyle,jadakiss,negative,NA,2016,got the cuban sitting on the fuck trump crewneck,http://genius.com/fabolous-wicked-freestyle-lyrics
364,Donald Trump,castle,kevin gates,negative,NA,2016,i just told Donald Trump think about if you came from rubble,http://genius.com/kevin-gates-castle-lyrics
365,Donald Trump,cross 'em out and put a 'k,westside connection,positive,money,1996,i smoke and make dough like trump,http://genius.com/westside-connection-cross-em-out-and-put-a-k-lyrics
366,Donald Trump,muzzle toe,wu-syndicate,positive,money,1999,"it's reg or not, pockets love trump donald",http://genius.com/wu-syndicate-muzzle-toe-lyrics
367,Donald Trump,red drops,limbz,negative,money,2016,my main problem with trump is how he uses money as distortion / shows that one man's cash can be everyone's misfortune,http://genius.com/limbz-red-drops-lyrics
368,Donald Trump,no smoke,montana of 300,negative,NA,2016,it's fuck all you n----s like trump,http://genius.com/montana-of-300-no-smoke-lyrics
369,Donald Trump,out here,the weeknd,positive,hotel,2016,i'm out here in the trump tower,http://genius.com/the-weeknd-out-here-lyrics
370,Donald Trump,come again,rockie fresh,negative,political,2016,we fucking up if we let trump in the office,http://genius.com/rockie-fresh-come-again-lyrics
371,Donald Trump,dope,t.i.,negative,NA,2016,"where i stay all they say is fuck trump, all day",http://genius.com/ti-dope-lyrics
372,Donald Trump,come down (remix),t.i.,negative,political,2016,"i fantasize shooting trump down, a shot for every black man who got gunned down",http://genius.com/anderson-paak-come-down-remix-lyrics
373,Donald Trump,miss u,young thug,positive,money,2013,feel like Donald Trump,http://genius.com/young-thug-miss-u-lyrics
374,Donald Trump,on the way,young thug,positive,money,2014,bitches got bumps and i'm rich just like Donald Trump,http://genius.com/mpa-duke-on-the-way-lyrics
375,Donald Trump,digest it,tiara,negative,political,2016,"the world gon' end real soon, especially if trump gets elected",http://genius.com/royce-da-59-digest-it-lyrics
376,Donald Trump,constantly hating,young thug,positive,money,2015,i've seen more holes than a golf course on Donald Trumps course,http://genius.com/young-thug-constantly-hating-lyrics
377,Donald Trump,fdt (fuck Donald Trump),yg & nipsey hussle,negative,political,2016,fuck Donald Trump,http://genius.com/yg-and-nipsey-hu-le-fdt-fuck-donald-trump-lyrics
378,Donald Trump,it's goin' down,yung joc,positive,money,2006,boys from the hood call me black Donald Trump,http://genius.com/yung-joc-its-goin-down-lyrics
